Index,Top Topics
100,"Topic 5: blessing, church;
Topic 3: hunter, moldova;
Topic 4: swift, tailor;"
101,"Topic 14: tucker, poland;
Topic 16: satanic, satan;
Topic 13: manifesto, willis;"
102,"Topic 14: tucker, poland;
Topic 1: voter, michigan;
Topic 2: manifesto, kissenger;"
103,"Topic 14: tucker, poland;
Topic 5: blessing, church;
Topic 1: voter, michigan;"
104,"Topic 4: swift, tailor;
Topic 1: voter, michigan;
Topic 2: manifesto, kissenger;"
105,"Topic 4: swift, tailor;
Topic 16: satanic, satan;
Topic 1: voter, michigan;"
106,"Topic 4: swift, tailor;
Topic 16: satanic, satan;
Topic 14: tucker, poland;"
107,"Topic 4: swift, tailor;
Topic 10: conall, mitch;
Topic 1: voter, michigan;"
108,"Topic 14: tucker, poland;
Topic 4: swift, tailor;
Topic 10: conall, mitch;"
109,"Topic 14: tucker, poland;
Topic 4: swift, tailor;
Topic 1: voter, michigan;"
110,"Topic 14: tucker, poland;
Topic 4: swift, tailor;
Topic 1: voter, michigan;"
111,"Topic 14: tucker, poland;
Topic 13: manifesto, willis;
Topic 1: voter, michigan;"
112,"Topic 14: tucker, poland;
Topic 3: hunter, moldova;
Topic 16: satanic, satan;"
113,"Topic 13: manifesto, willis;
Topic 14: tucker, poland;
Topic 1: voter, michigan;"
114,"Topic 3: hunter, moldova;
Topic 14: tucker, poland;
Topic 1: voter, michigan;"
115,"Topic 14: tucker, poland;
Topic 4: swift, tailor;
Topic 13: manifesto, willis;"
39,"Topic 16: satanic, satan;
Topic 14: tucker, poland;
Topic 5: blessing, church;"
40,"Topic 9: propensity, surgeon;
Topic 1: voter, michigan;
Topic 2: manifesto, kissenger;"
41,"Topic 13: manifesto, willis;
Topic 14: tucker, poland;
Topic 3: hunter, moldova;"
42,"Topic 3: hunter, moldova;
Topic 14: tucker, poland;
Topic 13: manifesto, willis;"
43,"Topic 10: conall, mitch;
Topic 3: hunter, moldova;
Topic 14: tucker, poland;"
44,"Topic 14: tucker, poland;
Topic 1: voter, michigan;
Topic 2: manifesto, kissenger;"
45,"Topic 14: tucker, poland;
Topic 4: swift, tailor;
Topic 1: voter, michigan;"
46,"Topic 9: propensity, surgeon;
Topic 14: tucker, poland;
Topic 4: swift, tailor;"
47,"Topic 14: tucker, poland;
Topic 16: satanic, satan;
Topic 3: hunter, moldova;"
48,"Topic 3: hunter, moldova;
Topic 14: tucker, poland;
Topic 4: swift, tailor;"
49,"Topic 14: tucker, poland;
Topic 16: satanic, satan;
Topic 1: voter, michigan;"
50,"Topic 14: tucker, poland;
Topic 4: swift, tailor;
Topic 1: voter, michigan;"
51,"Topic 13: manifesto, willis;
Topic 14: tucker, poland;
Topic 3: hunter, moldova;"
52,"Topic 13: manifesto, willis;
Topic 14: tucker, poland;
Topic 4: swift, tailor;"
53,"Topic 14: tucker, poland;
Topic 3: hunter, moldova;
Topic 4: swift, tailor;"
54,"Topic 14: tucker, poland;
Topic 3: hunter, moldova;
Topic 1: voter, michigan;"
55,"Topic 4: swift, tailor;
Topic 14: tucker, poland;
Topic 1: voter, michigan;"
56,"Topic 14: tucker, poland;
Topic 4: swift, tailor;
Topic 1: voter, michigan;"
57,"Topic 14: tucker, poland;
Topic 13: manifesto, willis;
Topic 4: swift, tailor;"
58,"Topic 14: tucker, poland;
Topic 13: manifesto, willis;
Topic 4: swift, tailor;"
59,"Topic 13: manifesto, willis;
Topic 1: voter, michigan;
Topic 2: manifesto, kissenger;"
60,"Topic 4: swift, tailor;
Topic 5: blessing, church;
Topic 1: voter, michigan;"
61,"Topic 14: tucker, poland;
Topic 9: propensity, surgeon;
Topic 1: voter, michigan;"
62,"Topic 14: tucker, poland;
Topic 13: manifesto, willis;
Topic 1: voter, michigan;"
63,"Topic 4: swift, tailor;
Topic 13: manifesto, willis;
Topic 14: tucker, poland;"
64,"Topic 4: swift, tailor;
Topic 14: tucker, poland;
Topic 1: voter, michigan;"
65,"Topic 14: tucker, poland;
Topic 13: manifesto, willis;
Topic 1: voter, michigan;"
66,"Topic 14: tucker, poland;
Topic 10: conall, mitch;
Topic 13: manifesto, willis;"
67,"Topic 14: tucker, poland;
Topic 13: manifesto, willis;
Topic 1: voter, michigan;"
68,"Topic 5: blessing, church;
Topic 14: tucker, poland;
Topic 1: voter, michigan;"
69,"Topic 4: swift, tailor;
Topic 14: tucker, poland;
Topic 1: voter, michigan;"
70,"Topic 14: tucker, poland;
Topic 13: manifesto, willis;
Topic 1: voter, michigan;"
71,"Topic 4: swift, tailor;
Topic 13: manifesto, willis;
Topic 14: tucker, poland;"
72,"Topic 4: swift, tailor;
Topic 14: tucker, poland;
Topic 3: hunter, moldova;"
73,"Topic 14: tucker, poland;
Topic 13: manifesto, willis;
Topic 1: voter, michigan;"
74,"Topic 14: tucker, poland;
Topic 4: swift, tailor;
Topic 1: voter, michigan;"
75,"Topic 4: swift, tailor;
Topic 14: tucker, poland;
Topic 1: voter, michigan;"
76,"Topic 3: hunter, moldova;
Topic 14: tucker, poland;
Topic 1: voter, michigan;"
77,"Topic 14: tucker, poland;
Topic 1: voter, michigan;
Topic 2: manifesto, kissenger;"
78,"Topic 5: blessing, church;
Topic 13: manifesto, willis;
Topic 14: tucker, poland;"
79,"Topic 14: tucker, poland;
Topic 1: voter, michigan;
Topic 2: manifesto, kissenger;"
80,"Topic 5: blessing, church;
Topic 13: manifesto, willis;
Topic 1: voter, michigan;"
81,"Topic 14: tucker, poland;
Topic 4: swift, tailor;
Topic 1: voter, michigan;"
82,"Topic 14: tucker, poland;
Topic 4: swift, tailor;
Topic 13: manifesto, willis;"
83,"Topic 14: tucker, poland;
Topic 4: swift, tailor;
Topic 5: blessing, church;"
84,"Topic 14: tucker, poland;
Topic 4: swift, tailor;
Topic 5: blessing, church;"
85,"Topic 5: blessing, church;
Topic 4: swift, tailor;
Topic 16: satanic, satan;"
86,"Topic 5: blessing, church;
Topic 14: tucker, poland;
Topic 16: satanic, satan;"
87,"Topic 14: tucker, poland;
Topic 3: hunter, moldova;
Topic 1: voter, michigan;"
88,"Topic 16: satanic, satan;
Topic 5: blessing, church;
Topic 14: tucker, poland;"
89,"Topic 3: hunter, moldova;
Topic 14: tucker, poland;
Topic 1: voter, michigan;"
90,"Topic 14: tucker, poland;
Topic 10: conall, mitch;
Topic 1: voter, michigan;"
91,"Topic 14: tucker, poland;
Topic 4: swift, tailor;
Topic 3: hunter, moldova;"
92,"Topic 14: tucker, poland;
Topic 16: satanic, satan;
Topic 1: voter, michigan;"
93,"Topic 3: hunter, moldova;
Topic 14: tucker, poland;
Topic 4: swift, tailor;"
94,"Topic 14: tucker, poland;
Topic 4: swift, tailor;
Topic 3: hunter, moldova;"
95,"Topic 14: tucker, poland;
Topic 3: hunter, moldova;
Topic 1: voter, michigan;"
96,"Topic 14: tucker, poland;
Topic 3: hunter, moldova;
Topic 1: voter, michigan;"
97,"Topic 14: tucker, poland;
Topic 5: blessing, church;
Topic 16: satanic, satan;"
98,"Topic 14: tucker, poland;
Topic 4: swift, tailor;
Topic 13: manifesto, willis;"
99,"Topic 3: hunter, moldova;
Topic 4: swift, tailor;
Topic 14: tucker, poland;"
118,"Topic 10: israel, jew;
Topic 14: trump, hunter;
Topic 1: anderson, gabe;"
119,"Topic 10: israel, jew;
Topic 14: trump, hunter;
Topic 13: song, grandma;"
120,"Topic 10: israel, jew;
Topic 14: trump, hunter;
Topic 4: jane, bird;"
121,"Topic 14: trump, hunter;
Topic 10: israel, jew;
Topic 18: carthy, mc;"
122,"Topic 10: israel, jew;
Topic 14: trump, hunter;
Topic 4: jane, bird;"
123,"Topic 10: israel, jew;
Topic 14: trump, hunter;
Topic 18: carthy, mc;"
124,"Topic 10: israel, jew;
Topic 14: trump, hunter;
Topic 18: carthy, mc;"
125,"Topic 10: israel, jew;
Topic 14: trump, hunter;
Topic 19: amelia, asylum;"
126,"Topic 10: israel, jew;
Topic 14: trump, hunter;
Topic 18: carthy, mc;"
127,"Topic 10: israel, jew;
Topic 14: trump, hunter;
Topic 13: song, grandma;"
128,"Topic 10: israel, jew;
Topic 14: trump, hunter;
Topic 18: carthy, mc;"
129,"Topic 10: israel, jew;
Topic 14: trump, hunter;
Topic 18: carthy, mc;"
130,"Topic 10: israel, jew;
Topic 14: trump, hunter;
Topic 12: finn, abortion;"
131,"Topic 10: israel, jew;
Topic 14: trump, hunter;
Topic 18: carthy, mc;"
132,"Topic 10: israel, jew;
Topic 14: trump, hunter;
Topic 13: song, grandma;"
133,"Topic 10: israel, jew;
Topic 14: trump, hunter;
Topic 13: song, grandma;"
134,"Topic 10: israel, jew;
Topic 14: trump, hunter;
Topic 13: song, grandma;"
135,"Topic 14: trump, hunter;
Topic 18: carthy, mc;
Topic 10: israel, jew;"
136,"Topic 14: trump, hunter;
Topic 18: carthy, mc;
Topic 10: israel, jew;"
137,"Topic 14: trump, hunter;
Topic 18: carthy, mc;
Topic 10: israel, jew;"
138,"Topic 14: trump, hunter;
Topic 10: israel, jew;
Topic 7: empire, bower;"
139,"Topic 14: trump, hunter;
Topic 18: carthy, mc;
Topic 10: israel, jew;"
140,"Topic 14: trump, hunter;
Topic 10: israel, jew;
Topic 13: song, grandma;"
141,"Topic 14: trump, hunter;
Topic 10: israel, jew;
Topic 18: carthy, mc;"
142,"Topic 14: trump, hunter;
Topic 10: israel, jew;
Topic 4: jane, bird;"
143,"Topic 14: trump, hunter;
Topic 10: israel, jew;
Topic 15: christina, luca;"
144,"Topic 10: israel, jew;
Topic 14: trump, hunter;
Topic 9: daniel, useph;"
145,"Topic 14: trump, hunter;
Topic 10: israel, jew;
Topic 12: finn, abortion;"
146,"Topic 14: trump, hunter;
Topic 10: israel, jew;
Topic 4: jane, bird;"
147,"Topic 14: trump, hunter;
Topic 9: daniel, useph;
Topic 10: israel, jew;"
148,"Topic 14: trump, hunter;
Topic 18: carthy, mc;
Topic 10: israel, jew;"
149,"Topic 14: trump, hunter;
Topic 18: carthy, mc;
Topic 13: song, grandma;"
150,"Topic 14: trump, hunter;
Topic 13: song, grandma;
Topic 18: carthy, mc;"
151,"Topic 14: trump, hunter;
Topic 10: israel, jew;
Topic 18: carthy, mc;"
152,"Topic 14: trump, hunter;
Topic 10: israel, jew;
Topic 15: christina, luca;"
153,"Topic 14: trump, hunter;
Topic 10: israel, jew;
Topic 12: finn, abortion;"
154,"Topic 14: trump, hunter;
Topic 10: israel, jew;
Topic 12: finn, abortion;"
155,"Topic 14: trump, hunter;
Topic 10: israel, jew;
Topic 15: christina, luca;"
156,"Topic 14: trump, hunter;
Topic 4: jane, bird;
Topic 10: israel, jew;"
157,"Topic 14: trump, hunter;
Topic 10: israel, jew;
Topic 18: carthy, mc;"
158,"Topic 14: trump, hunter;
Topic 7: empire, bower;
Topic 10: israel, jew;"
159,"Topic 14: trump, hunter;
Topic 4: jane, bird;
Topic 10: israel, jew;"
160,"Topic 14: trump, hunter;
Topic 10: israel, jew;
Topic 18: carthy, mc;"
161,"Topic 14: trump, hunter;
Topic 10: israel, jew;
Topic 12: finn, abortion;"
162,"Topic 14: trump, hunter;
Topic 10: israel, jew;
Topic 19: amelia, asylum;"
163,"Topic 14: trump, hunter;
Topic 18: carthy, mc;
Topic 10: israel, jew;"
164,"Topic 14: trump, hunter;
Topic 10: israel, jew;
Topic 15: christina, luca;"
165,"Topic 14: trump, hunter;
Topic 10: israel, jew;
Topic 12: finn, abortion;"
166,"Topic 14: trump, hunter;
Topic 10: israel, jew;
Topic 1: anderson, gabe;"
167,"Topic 14: trump, hunter;
Topic 10: israel, jew;
Topic 18: carthy, mc;"
168,"Topic 14: trump, hunter;
Topic 10: israel, jew;
Topic 9: daniel, useph;"
169,"Topic 14: trump, hunter;
Topic 10: israel, jew;
Topic 1: anderson, gabe;"
170,"Topic 14: trump, hunter;
Topic 10: israel, jew;
Topic 4: jane, bird;"
171,"Topic 14: trump, hunter;
Topic 10: israel, jew;
Topic 18: carthy, mc;"
172,"Topic 14: trump, hunter;
Topic 10: israel, jew;
Topic 19: amelia, asylum;"
173,"Topic 14: trump, hunter;
Topic 10: israel, jew;
Topic 18: carthy, mc;"
174,"Topic 14: trump, hunter;
Topic 10: israel, jew;
Topic 12: finn, abortion;"
175,"Topic 14: trump, hunter;
Topic 10: israel, jew;
Topic 18: carthy, mc;"
176,"Topic 14: trump, hunter;
Topic 10: israel, jew;
Topic 15: christina, luca;"
177,"Topic 14: trump, hunter;
Topic 10: israel, jew;
Topic 4: jane, bird;"
178,"Topic 14: trump, hunter;
Topic 10: israel, jew;
Topic 18: carthy, mc;"
179,"Topic 14: trump, hunter;
Topic 10: israel, jew;
Topic 9: daniel, useph;"
180,"Topic 14: trump, hunter;
Topic 10: israel, jew;
Topic 18: carthy, mc;"
181,"Topic 14: trump, hunter;
Topic 10: israel, jew;
Topic 4: jane, bird;"
182,"Topic 14: trump, hunter;
Topic 10: israel, jew;
Topic 1: anderson, gabe;"
183,"Topic 14: trump, hunter;
Topic 10: israel, jew;
Topic 18: carthy, mc;"
184,"Topic 14: trump, hunter;
Topic 10: israel, jew;
Topic 18: carthy, mc;"
185,"Topic 14: trump, hunter;
Topic 10: israel, jew;
Topic 18: carthy, mc;"
186,"Topic 14: trump, hunter;
Topic 10: israel, jew;
Topic 18: carthy, mc;"
187,"Topic 9: daniel, useph;
Topic 10: israel, jew;
Topic 13: song, grandma;"
188,"Topic 19: amelia, asylum;
Topic 14: trump, hunter;
Topic 10: israel, jew;"
189,"Topic 13: song, grandma;
Topic 14: trump, hunter;
Topic 10: israel, jew;"
190,"Topic 14: trump, hunter;
Topic 1: anderson, gabe;
Topic 10: israel, jew;"
191,"Topic 14: trump, hunter;
Topic 15: christina, luca;
Topic 10: israel, jew;"
192,"Topic 10: israel, jew;
Topic 9: daniel, useph;
Topic 18: carthy, mc;"
193,"Topic 10: israel, jew;
Topic 19: amelia, asylum;
Topic 14: trump, hunter;"
194,"Topic 4: jane, bird;
Topic 14: trump, hunter;
Topic 2: bird, trojan;"
195,"Topic 18: carthy, mc;
Topic 13: song, grandma;
Topic 4: jane, bird;"
196,"Topic 20: bear, mother;
Topic 12: finn, abortion;
Topic 10: israel, jew;"
197,"Topic 13: song, grandma;
Topic 14: trump, hunter;
Topic 19: amelia, asylum;"
198,"Topic 1: anderson, gabe;
Topic 14: trump, hunter;
Topic 10: israel, jew;"
199,"Topic 10: israel, jew;
Topic 4: jane, bird;
Topic 14: trump, hunter;"
200,"Topic 15: christina, luca;
Topic 3: puten, serkov;
Topic 14: trump, hunter;"
201,"Topic 7: empire, bower;
Topic 14: trump, hunter;
Topic 4: jane, bird;"
202,"Topic 14: trump, hunter;
Topic 10: israel, jew;
Topic 12: finn, abortion;"
203,"Topic 1: anderson, gabe;
Topic 19: amelia, asylum;
Topic 18: carthy, mc;"
204,"Topic 13: song, grandma;
Topic 10: israel, jew;
Topic 14: trump, hunter;"
205,"Topic 4: jane, bird;
Topic 14: trump, hunter;
Topic 10: israel, jew;"
206,"Topic 19: amelia, asylum;
Topic 14: trump, hunter;
Topic 10: israel, jew;"
207,"Topic 17: bob, sister;
Topic 14: trump, hunter;
Topic 13: song, grandma;"
208,"Topic 12: finn, abortion;
Topic 10: israel, jew;
Topic 14: trump, hunter;"
209,"Topic 4: jane, bird;
Topic 14: trump, hunter;
Topic 10: israel, jew;"
210,"Topic 16: ghost, crag;
Topic 14: trump, hunter;
Topic 10: israel, jew;"
211,"Topic 19: amelia, asylum;
Topic 12: finn, abortion;
Topic 14: trump, hunter;"
212,"Topic 10: israel, jew;
Topic 19: amelia, asylum;
Topic 13: song, grandma;"
213,"Topic 16: ghost, crag;
Topic 14: trump, hunter;
Topic 1: anderson, gabe;"
214,"Topic 10: israel, jew;
Topic 7: empire, bower;
Topic 18: carthy, mc;"
215,"Topic 13: song, grandma;
Topic 10: israel, jew;
Topic 18: carthy, mc;"
216,"Topic 12: finn, abortion;
Topic 14: trump, hunter;
Topic 13: song, grandma;"
217,"Topic 18: carthy, mc;
Topic 10: israel, jew;
Topic 14: trump, hunter;"
218,"Topic 14: trump, hunter;
Topic 5: cathy, precinct;
Topic 10: israel, jew;"
219,"Topic 13: song, grandma;
Topic 14: trump, hunter;
Topic 15: christina, luca;"
220,"Topic 8: bryan, alyona;
Topic 14: trump, hunter;
Topic 10: israel, jew;"
221,"Topic 13: song, grandma;
Topic 14: trump, hunter;
Topic 10: israel, jew;"
222,"Topic 13: song, grandma;
Topic 14: trump, hunter;
Topic 10: israel, jew;"
223,"Topic 18: carthy, mc;
Topic 13: song, grandma;
Topic 10: israel, jew;"
224,"Topic 4: jane, bird;
Topic 18: carthy, mc;
Topic 14: trump, hunter;"
225,"Topic 14: trump, hunter;
Topic 19: amelia, asylum;
Topic 10: israel, jew;"
226,"Topic 10: israel, jew;
Topic 8: bryan, alyona;
Topic 15: christina, luca;"
227,"Topic 19: amelia, asylum;
Topic 15: christina, luca;
Topic 10: israel, jew;"
228,"Topic 10: israel, jew;
Topic 9: daniel, useph;
Topic 14: trump, hunter;"
229,"Topic 3: puten, serkov;
Topic 14: trump, hunter;
Topic 15: christina, luca;"
230,"Topic 2: bird, trojan;
Topic 14: trump, hunter;
Topic 10: israel, jew;"
231,"Topic 1: anderson, gabe;
Topic 14: trump, hunter;
Topic 9: daniel, useph;"
232,"Topic 16: ghost, crag;
Topic 10: israel, jew;
Topic 14: trump, hunter;"
233,"Topic 16: ghost, crag;
Topic 14: trump, hunter;
Topic 10: israel, jew;"
234,"Topic 2: bird, trojan;
Topic 4: jane, bird;
Topic 18: carthy, mc;"
235,"Topic 18: carthy, mc;
Topic 14: trump, hunter;
Topic 10: israel, jew;"
236,"Topic 19: amelia, asylum;
Topic 4: jane, bird;
Topic 14: trump, hunter;"
237,"Topic 12: finn, abortion;
Topic 10: israel, jew;
Topic 4: jane, bird;"
238,"Topic 13: song, grandma;
Topic 14: trump, hunter;
Topic 10: israel, jew;"
239,"Topic 13: song, grandma;
Topic 10: israel, jew;
Topic 18: carthy, mc;"
240,"Topic 15: christina, luca;
Topic 14: trump, hunter;
Topic 10: israel, jew;"
241,"Topic 10: israel, jew;
Topic 1: anderson, gabe;
Topic 14: trump, hunter;"
242,"Topic 9: daniel, useph;
Topic 10: israel, jew;
Topic 14: trump, hunter;"
243,"Topic 6: recovery, disorder;
Topic 18: carthy, mc;
Topic 14: trump, hunter;"
244,"Topic 13: song, grandma;
Topic 10: israel, jew;
Topic 19: amelia, asylum;"
245,"Topic 18: carthy, mc;
Topic 14: trump, hunter;
Topic 12: finn, abortion;"
246,"Topic 14: trump, hunter;
Topic 1: anderson, gabe;
Topic 10: israel, jew;"
247,"Topic 14: trump, hunter;
Topic 18: carthy, mc;
Topic 19: amelia, asylum;"
248,"Topic 10: israel, jew;
Topic 13: song, grandma;
Topic 14: trump, hunter;"
249,"Topic 14: trump, hunter;
Topic 10: israel, jew;
Topic 4: jane, bird;"
250,"Topic 10: israel, jew;
Topic 14: trump, hunter;
Topic 13: song, grandma;"
251,"Topic 7: chicken, edwin;
Topic 20: um, brain;
Topic 17: timothy, repetition;"
252,"Topic 17: timothy, repetition;
Topic 20: um, brain;
Topic 11: asylum, zac;"
253,"Topic 6: miller, prom;
Topic 20: um, brain;
Topic 17: timothy, repetition;"
254,"Topic 20: um, brain;
Topic 11: asylum, zac;
Topic 12: kim, music;"
255,"Topic 20: um, brain;
Topic 2: marie, jefferson;
Topic 3: bobby, melany;"
256,"Topic 15: lapaglia, lupita;
Topic 20: um, brain;
Topic 8: flue, cell;"
257,"Topic 12: kim, music;
Topic 20: um, brain;
Topic 11: asylum, zac;"
258,"Topic 12: kim, music;
Topic 20: um, brain;
Topic 8: flue, cell;"
259,"Topic 9: raoul, tenacity;
Topic 20: um, brain;
Topic 2: marie, jefferson;"
260,"Topic 20: um, brain;
Topic 8: flue, cell;
Topic 17: timothy, repetition;"
261,"Topic 12: kim, music;
Topic 20: um, brain;
Topic 7: chicken, edwin;"
262,"Topic 2: marie, jefferson;
Topic 20: um, brain;
Topic 16: whale, praise;"
263,"Topic 20: um, brain;
Topic 5: goal, paris;
Topic 12: kim, music;"
264,"Topic 20: um, brain;
Topic 19: bob, amusement;
Topic 16: whale, praise;"
265,"Topic 20: um, brain;
Topic 17: timothy, repetition;
Topic 12: kim, music;"
266,"Topic 20: um, brain;
Topic 8: flue, cell;
Topic 1: sperm, foreman;"
267,"Topic 20: um, brain;
Topic 11: asylum, zac;
Topic 1: sperm, foreman;"
268,"Topic 20: um, brain;
Topic 6: miller, prom;
Topic 12: kim, music;"
269,"Topic 19: bob, amusement;
Topic 20: um, brain;
Topic 8: flue, cell;"
270,"Topic 19: bob, amusement;
Topic 20: um, brain;
Topic 12: kim, music;"
271,"Topic 11: asylum, zac;
Topic 20: um, brain;
Topic 17: timothy, repetition;"
272,"Topic 20: um, brain;
Topic 8: flue, cell;
Topic 1: sperm, foreman;"
273,"Topic 4: shelden, refts;
Topic 20: um, brain;
Topic 17: timothy, repetition;"
274,"Topic 4: shelden, refts;
Topic 20: um, brain;
Topic 12: kim, music;"
275,"Topic 20: um, brain;
Topic 3: bobby, melany;
Topic 17: timothy, repetition;"
276,"Topic 1: sperm, foreman;
Topic 20: um, brain;
Topic 17: timothy, repetition;"
277,"Topic 20: um, brain;
Topic 8: flue, cell;
Topic 19: bob, amusement;"
278,"Topic 20: um, brain;
Topic 13: kaffine, task;
Topic 8: flue, cell;"
279,"Topic 20: um, brain;
Topic 4: shelden, refts;
Topic 12: kim, music;"
280,"Topic 20: um, brain;
Topic 7: chicken, edwin;
Topic 12: kim, music;"
281,"Topic 9: raoul, tenacity;
Topic 20: um, brain;
Topic 11: asylum, zac;"
282,"Topic 20: um, brain;
Topic 18: nason, abty;
Topic 12: kim, music;"
283,"Topic 20: um, brain;
Topic 14: delight, tracy;
Topic 12: kim, music;"
284,"Topic 9: raoul, tenacity;
Topic 20: um, brain;
Topic 12: kim, music;"
285,"Topic 20: um, brain;
Topic 15: lapaglia, lupita;
Topic 12: kim, music;"
286,"Topic 20: um, brain;
Topic 12: kim, music;
Topic 1: sperm, foreman;"
287,"Topic 11: asylum, zac;
Topic 20: um, brain;
Topic 17: timothy, repetition;"
288,"Topic 20: um, brain;
Topic 16: whale, praise;
Topic 8: flue, cell;"
289,"Topic 20: um, brain;
Topic 17: timothy, repetition;
Topic 1: sperm, foreman;"
290,"Topic 10: floride, parade;
Topic 20: um, brain;
Topic 12: kim, music;"
291,"Topic 1: sperm, foreman;
Topic 20: um, brain;
Topic 7: chicken, edwin;"
292,"Topic 2: marie, jefferson;
Topic 20: um, brain;
Topic 9: raoul, tenacity;"
293,"Topic 20: um, brain;
Topic 12: kim, music;
Topic 11: asylum, zac;"
294,"Topic 11: asylum, zac;
Topic 19: bob, amusement;
Topic 20: um, brain;"
295,"Topic 7: chicken, edwin;
Topic 20: um, brain;
Topic 1: sperm, foreman;"
296,"Topic 4: shelden, refts;
Topic 20: um, brain;
Topic 19: bob, amusement;"
297,"Topic 20: um, brain;
Topic 12: kim, music;
Topic 8: flue, cell;"
298,"Topic 6: miller, prom;
Topic 20: um, brain;
Topic 17: timothy, repetition;"
299,"Topic 20: um, brain;
Topic 8: flue, cell;
Topic 7: chicken, edwin;"
300,"Topic 7: chicken, edwin;
Topic 20: um, brain;
Topic 12: kim, music;"
301,"Topic 3: bobby, melany;
Topic 20: um, brain;
Topic 6: miller, prom;"
302,"Topic 20: um, brain;
Topic 8: flue, cell;
Topic 1: sperm, foreman;"
303,"Topic 4: shelden, refts;
Topic 20: um, brain;
Topic 12: kim, music;"
304,"Topic 3: bobby, melany;
Topic 20: um, brain;
Topic 7: chicken, edwin;"
305,"Topic 20: um, brain;
Topic 12: kim, music;
Topic 11: asylum, zac;"
306,"Topic 12: kim, music;
Topic 20: um, brain;
Topic 4: shelden, refts;"
307,"Topic 17: timothy, repetition;
Topic 20: um, brain;
Topic 12: kim, music;"
308,"Topic 17: timothy, repetition;
Topic 20: um, brain;
Topic 6: miller, prom;"
309,"Topic 20: um, brain;
Topic 16: whale, praise;
Topic 17: timothy, repetition;"
310,"Topic 20: um, brain;
Topic 5: goal, paris;
Topic 1: sperm, foreman;"
311,"Topic 2: marie, jefferson;
Topic 20: um, brain;
Topic 6: miller, prom;"
312,"Topic 18: nason, abty;
Topic 20: um, brain;
Topic 8: flue, cell;"
313,"Topic 12: kim, music;
Topic 1: sperm, foreman;
Topic 20: um, brain;"
314,"Topic 20: um, brain;
Topic 13: kaffine, task;
Topic 18: nason, abty;"
315,"Topic 12: kim, music;
Topic 20: um, brain;
Topic 11: asylum, zac;"
316,"Topic 3: bobby, melany;
Topic 20: um, brain;
Topic 17: timothy, repetition;"
317,"Topic 16: whale, praise;
Topic 20: um, brain;
Topic 12: kim, music;"
318,"Topic 3: bobby, melany;
Topic 20: um, brain;
Topic 11: asylum, zac;"
319,"Topic 20: um, brain;
Topic 12: kim, music;
Topic 8: flue, cell;"
320,"Topic 20: um, brain;
Topic 17: timothy, repetition;
Topic 12: kim, music;"
321,"Topic 20: um, brain;
Topic 8: flue, cell;
Topic 5: goal, paris;"
322,"Topic 5: goal, paris;
Topic 20: um, brain;
Topic 17: timothy, repetition;"
323,"Topic 8: flue, cell;
Topic 20: um, brain;
Topic 19: bob, amusement;"
324,"Topic 19: bob, amusement;
Topic 20: um, brain;
Topic 17: timothy, repetition;"
325,"Topic 20: um, brain;
Topic 11: asylum, zac;
Topic 8: flue, cell;"
326,"Topic 20: um, brain;
Topic 12: kim, music;
Topic 19: bob, amusement;"
327,"Topic 6: miller, prom;
Topic 20: um, brain;
Topic 3: bobby, melany;"
328,"Topic 3: bobby, melany;
Topic 20: um, brain;
Topic 19: bob, amusement;"
329,"Topic 20: um, brain;
Topic 12: kim, music;
Topic 1: sperm, foreman;"
330,"Topic 19: bob, amusement;
Topic 20: um, brain;
Topic 12: kim, music;"
331,"Topic 20: um, brain;
Topic 12: kim, music;
Topic 8: flue, cell;"
332,"Topic 20: um, brain;
Topic 12: kim, music;
Topic 5: goal, paris;"
333,"Topic 7: chicken, edwin;
Topic 20: um, brain;
Topic 12: kim, music;"
334,"Topic 20: um, brain;
Topic 12: kim, music;
Topic 15: lapaglia, lupita;"
335,"Topic 20: um, brain;
Topic 12: kim, music;
Topic 7: chicken, edwin;"
336,"Topic 8: flue, cell;
Topic 20: um, brain;
Topic 16: whale, praise;"
337,"Topic 20: um, brain;
Topic 12: kim, music;
Topic 17: timothy, repetition;"
338,"Topic 18: nason, abty;
Topic 20: um, brain;
Topic 1: sperm, foreman;"
339,"Topic 6: miller, prom;
Topic 20: um, brain;
Topic 12: kim, music;"
340,"Topic 20: um, brain;
Topic 16: whale, praise;
Topic 12: kim, music;"
341,"Topic 20: um, brain;
Topic 12: kim, music;
Topic 6: miller, prom;"
342,"Topic 5: goal, paris;
Topic 20: um, brain;
Topic 12: kim, music;"
343,"Topic 17: timothy, repetition;
Topic 20: um, brain;
Topic 12: kim, music;"
344,"Topic 15: lapaglia, lupita;
Topic 20: um, brain;
Topic 5: goal, paris;"
345,"Topic 20: um, brain;
Topic 17: timothy, repetition;
Topic 8: flue, cell;"
346,"Topic 20: um, brain;
Topic 8: flue, cell;
Topic 4: shelden, refts;"
347,"Topic 20: um, brain;
Topic 8: flue, cell;
Topic 5: goal, paris;"
348,"Topic 20: um, brain;
Topic 1: sperm, foreman;
Topic 8: flue, cell;"
349,"Topic 4: shelden, refts;
Topic 20: um, brain;
Topic 8: flue, cell;"
350,"Topic 20: um, brain;
Topic 8: flue, cell;
Topic 17: timothy, repetition;"
351,"Topic 20: um, brain;
Topic 10: floride, parade;
Topic 4: shelden, refts;"
352,"Topic 20: um, brain;
Topic 1: sperm, foreman;
Topic 8: flue, cell;"
353,"Topic 20: um, brain;
Topic 8: flue, cell;
Topic 17: timothy, repetition;"
354,"Topic 20: um, brain;
Topic 17: timothy, repetition;
Topic 8: flue, cell;"
355,"Topic 8: flue, cell;
Topic 20: um, brain;
Topic 16: whale, praise;"
356,"Topic 20: um, brain;
Topic 8: flue, cell;
Topic 17: timothy, repetition;"
357,"Topic 20: um, brain;
Topic 17: timothy, repetition;
Topic 8: flue, cell;"
358,"Topic 20: um, brain;
Topic 12: kim, music;
Topic 8: flue, cell;"
359,"Topic 20: um, brain;
Topic 8: flue, cell;
Topic 16: whale, praise;"
360,"Topic 20: um, brain;
Topic 8: flue, cell;
Topic 17: timothy, repetition;"
362,"Topic 20: um, brain;
Topic 12: kim, music;
Topic 8: flue, cell;"
363,"Topic 8: flue, cell;
Topic 20: um, brain;
Topic 1: sperm, foreman;"
364,"Topic 20: um, brain;
Topic 13: kaffine, task;
Topic 16: whale, praise;"
365,"Topic 20: um, brain;
Topic 8: flue, cell;
Topic 16: whale, praise;"
366,"Topic 20: um, brain;
Topic 8: flue, cell;
Topic 17: timothy, repetition;"
367,"Topic 20: um, brain;
Topic 1: sperm, foreman;
Topic 8: flue, cell;"
368,"Topic 20: um, brain;
Topic 1: sperm, foreman;
Topic 8: flue, cell;"
369,"Topic 8: flue, cell;
Topic 20: um, brain;
Topic 16: whale, praise;"
370,"Topic 20: um, brain;
Topic 8: flue, cell;
Topic 16: whale, praise;"
371,"Topic 20: um, brain;
Topic 8: flue, cell;
Topic 5: goal, paris;"
372,"Topic 20: um, brain;
Topic 8: flue, cell;
Topic 5: goal, paris;"
373,"Topic 20: um, brain;
Topic 9: raoul, tenacity;
Topic 8: flue, cell;"
374,"Topic 20: um, brain;
Topic 8: flue, cell;
Topic 17: timothy, repetition;"
375,"Topic 20: um, brain;
Topic 13: kaffine, task;
Topic 8: flue, cell;"
376,"Topic 20: um, brain;
Topic 8: flue, cell;
Topic 17: timothy, repetition;"
377,"Topic 20: um, brain;
Topic 8: flue, cell;
Topic 17: timothy, repetition;"
378,"Topic 20: um, brain;
Topic 12: kim, music;
Topic 8: flue, cell;"
379,"Topic 20: um, brain;
Topic 12: kim, music;
Topic 8: flue, cell;"
380,"Topic 20: um, brain;
Topic 8: flue, cell;
Topic 17: timothy, repetition;"
381,"Topic 20: um, brain;
Topic 8: flue, cell;
Topic 1: sperm, foreman;"
382,"Topic 20: um, brain;
Topic 8: flue, cell;
Topic 17: timothy, repetition;"
383,"Topic 20: um, brain;
Topic 8: flue, cell;
Topic 12: kim, music;"
384,"Topic 20: um, brain;
Topic 15: lapaglia, lupita;
Topic 8: flue, cell;"
385,"Topic 5: goal, paris;
Topic 20: um, brain;
Topic 8: flue, cell;"
386,"Topic 20: um, brain;
Topic 8: flue, cell;
Topic 17: timothy, repetition;"
387,"Topic 20: um, brain;
Topic 13: kaffine, task;
Topic 8: flue, cell;"
388,"Topic 8: flue, cell;
Topic 20: um, brain;
Topic 17: timothy, repetition;"
389,"Topic 20: um, brain;
Topic 12: kim, music;
Topic 17: timothy, repetition;"
390,"Topic 20: um, brain;
Topic 8: flue, cell;
Topic 17: timothy, repetition;"
391,"Topic 20: um, brain;
Topic 5: goal, paris;
Topic 12: kim, music;"
392,"Topic 16: whale, praise;
Topic 20: um, brain;
Topic 8: flue, cell;"
393,"Topic 20: um, brain;
Topic 8: flue, cell;
Topic 17: timothy, repetition;"
394,"Topic 17: timothy, repetition;
Topic 20: um, brain;
Topic 8: flue, cell;"
395,"Topic 20: um, brain;
Topic 11: asylum, zac;
Topic 8: flue, cell;"
396,"Topic 20: um, brain;
Topic 13: kaffine, task;
Topic 8: flue, cell;"
397,"Topic 20: um, brain;
Topic 8: flue, cell;
Topic 17: timothy, repetition;"
398,"Topic 20: um, brain;
Topic 8: flue, cell;
Topic 17: timothy, repetition;"
399,"Topic 20: um, brain;
Topic 8: flue, cell;
Topic 5: goal, paris;"
400,"Topic 8: flue, cell;
Topic 20: um, brain;
Topic 1: sperm, foreman;"
401,"Topic 1: dopamine, kaffine;
Topic 7: salt, salty;
Topic 15: estrogen, stretching;"
402,"Topic 1: dopamine, kaffine;
Topic 19: habit, psychodelics;
Topic 13: sylicibon, sylisibon;"
403,"Topic 1: dopamine, kaffine;
Topic 4: headache, cooling;
Topic 19: habit, psychodelics;"
404,"Topic 1: dopamine, kaffine;
Topic 13: sylicibon, sylisibon;
Topic 19: habit, psychodelics;"
405,"Topic 12: carbon, smell;
Topic 1: dopamine, kaffine;
Topic 19: habit, psychodelics;"
406,"Topic 1: dopamine, kaffine;
Topic 10: lens, myopia;
Topic 11: coling, error;"
407,"Topic 1: dopamine, kaffine;
Topic 2: rem, visualization;
Topic 19: habit, psychodelics;"
408,"Topic 1: dopamine, kaffine;
Topic 11: coling, error;
Topic 19: habit, psychodelics;"
409,"Topic 17: hair, premium;
Topic 1: dopamine, kaffine;
Topic 15: estrogen, stretching;"
411,"Topic 1: dopamine, kaffine;
Topic 8: sperm, trough;
Topic 19: habit, psychodelics;"
412,"Topic 20: intrusive, bond;
Topic 1: dopamine, kaffine;
Topic 19: habit, psychodelics;"
413,"Topic 1: dopamine, kaffine;
Topic 19: habit, psychodelics;
Topic 2: rem, visualization;"
414,"Topic 1: dopamine, kaffine;
Topic 19: habit, psychodelics;
Topic 4: headache, cooling;"
415,"Topic 19: habit, psychodelics;
Topic 1: dopamine, kaffine;
Topic 4: headache, cooling;"
416,"Topic 1: dopamine, kaffine;
Topic 19: habit, psychodelics;
Topic 8: sperm, trough;"
417,"Topic 1: dopamine, kaffine;
Topic 4: headache, cooling;
Topic 18: gratitude, speech;"
418,"Topic 1: dopamine, kaffine;
Topic 19: habit, psychodelics;
Topic 7: salt, salty;"
419,"Topic 12: carbon, smell;
Topic 1: dopamine, kaffine;
Topic 19: habit, psychodelics;"
420,"Topic 1: dopamine, kaffine;
Topic 12: carbon, smell;
Topic 4: headache, cooling;"
421,"Topic 1: dopamine, kaffine;
Topic 19: habit, psychodelics;
Topic 2: rem, visualization;"
422,"Topic 1: dopamine, kaffine;
Topic 19: habit, psychodelics;
Topic 12: carbon, smell;"
423,"Topic 1: dopamine, kaffine;
Topic 4: headache, cooling;
Topic 12: carbon, smell;"
424,"Topic 1: dopamine, kaffine;
Topic 12: carbon, smell;
Topic 19: habit, psychodelics;"
425,"Topic 1: dopamine, kaffine;
Topic 19: habit, psychodelics;
Topic 15: estrogen, stretching;"
426,"Topic 1: dopamine, kaffine;
Topic 12: carbon, smell;
Topic 19: habit, psychodelics;"
427,"Topic 8: sperm, trough;
Topic 1: dopamine, kaffine;
Topic 15: estrogen, stretching;"
428,"Topic 1: dopamine, kaffine;
Topic 19: habit, psychodelics;
Topic 12: carbon, smell;"
429,"Topic 1: dopamine, kaffine;
Topic 19: habit, psychodelics;
Topic 18: gratitude, speech;"
430,"Topic 1: dopamine, kaffine;
Topic 9: adaptogens, premium;
Topic 12: carbon, smell;"
431,"Topic 1: dopamine, kaffine;
Topic 16: iodine, argenine;
Topic 15: estrogen, stretching;"
432,"Topic 1: dopamine, kaffine;
Topic 19: habit, psychodelics;
Topic 11: coling, error;"
433,"Topic 1: dopamine, kaffine;
Topic 19: habit, psychodelics;
Topic 4: headache, cooling;"
434,"Topic 1: dopamine, kaffine;
Topic 19: habit, psychodelics;
Topic 11: coling, error;"
435,"Topic 1: dopamine, kaffine;
Topic 19: habit, psychodelics;
Topic 12: carbon, smell;"
436,"Topic 1: dopamine, kaffine;
Topic 15: estrogen, stretching;
Topic 19: habit, psychodelics;"
437,"Topic 18: gratitude, speech;
Topic 1: dopamine, kaffine;
Topic 17: hair, premium;"
438,"Topic 1: dopamine, kaffine;
Topic 19: habit, psychodelics;
Topic 11: coling, error;"
439,"Topic 1: dopamine, kaffine;
Topic 19: habit, psychodelics;
Topic 18: gratitude, speech;"
440,"Topic 1: dopamine, kaffine;
Topic 17: hair, premium;
Topic 19: habit, psychodelics;"
441,"Topic 19: habit, psychodelics;
Topic 1: dopamine, kaffine;
Topic 18: gratitude, speech;"
442,"Topic 1: dopamine, kaffine;
Topic 19: habit, psychodelics;
Topic 4: headache, cooling;"
443,"Topic 1: dopamine, kaffine;
Topic 19: habit, psychodelics;
Topic 12: carbon, smell;"
444,"Topic 1: dopamine, kaffine;
Topic 17: hair, premium;
Topic 8: sperm, trough;"
445,"Topic 1: dopamine, kaffine;
Topic 19: habit, psychodelics;
Topic 12: carbon, smell;"
446,"Topic 1: dopamine, kaffine;
Topic 18: gratitude, speech;
Topic 7: salt, salty;"
447,"Topic 1: dopamine, kaffine;
Topic 4: headache, cooling;
Topic 15: estrogen, stretching;"
448,"Topic 1: dopamine, kaffine;
Topic 19: habit, psychodelics;
Topic 17: hair, premium;"
449,"Topic 1: dopamine, kaffine;
Topic 14: canabas, microbe;
Topic 19: habit, psychodelics;"
450,"Topic 1: dopamine, kaffine;
Topic 19: habit, psychodelics;
Topic 11: coling, error;"
451,"Topic 6: nicotine, vaping;
Topic 1: dopamine, kaffine;
Topic 19: habit, psychodelics;"
452,"Topic 1: dopamine, kaffine;
Topic 3: aggression, aggressive;
Topic 19: habit, psychodelics;"
453,"Topic 1: dopamine, kaffine;
Topic 11: coling, error;
Topic 7: salt, salty;"
454,"Topic 1: dopamine, kaffine;
Topic 19: habit, psychodelics;
Topic 4: headache, cooling;"
455,"Topic 18: gratitude, speech;
Topic 1: dopamine, kaffine;
Topic 11: coling, error;"
456,"Topic 1: dopamine, kaffine;
Topic 17: hair, premium;
Topic 4: headache, cooling;"
457,"Topic 1: dopamine, kaffine;
Topic 19: habit, psychodelics;
Topic 11: coling, error;"
458,"Topic 1: dopamine, kaffine;
Topic 15: estrogen, stretching;
Topic 19: habit, psychodelics;"
459,"Topic 1: dopamine, kaffine;
Topic 11: coling, error;
Topic 4: headache, cooling;"
460,"Topic 1: dopamine, kaffine;
Topic 11: coling, error;
Topic 19: habit, psychodelics;"
461,"Topic 1: dopamine, kaffine;
Topic 2: rem, visualization;
Topic 18: gratitude, speech;"
462,"Topic 1: dopamine, kaffine;
Topic 12: carbon, smell;
Topic 19: habit, psychodelics;"
463,"Topic 1: dopamine, kaffine;
Topic 11: coling, error;
Topic 4: headache, cooling;"
464,"Topic 1: dopamine, kaffine;
Topic 15: estrogen, stretching;
Topic 19: habit, psychodelics;"
465,"Topic 1: dopamine, kaffine;
Topic 19: habit, psychodelics;
Topic 20: intrusive, bond;"
466,"Topic 1: dopamine, kaffine;
Topic 18: gratitude, speech;
Topic 19: habit, psychodelics;"
467,"Topic 1: dopamine, kaffine;
Topic 15: estrogen, stretching;
Topic 19: habit, psychodelics;"
468,"Topic 1: dopamine, kaffine;
Topic 19: habit, psychodelics;
Topic 18: gratitude, speech;"
469,"Topic 15: estrogen, stretching;
Topic 1: dopamine, kaffine;
Topic 19: habit, psychodelics;"
470,"Topic 1: dopamine, kaffine;
Topic 19: habit, psychodelics;
Topic 12: carbon, smell;"
471,"Topic 19: habit, psychodelics;
Topic 1: dopamine, kaffine;
Topic 11: coling, error;"
472,"Topic 1: dopamine, kaffine;
Topic 3: aggression, aggressive;
Topic 15: estrogen, stretching;"
473,"Topic 1: dopamine, kaffine;
Topic 19: habit, psychodelics;
Topic 4: headache, cooling;"
474,"Topic 1: dopamine, kaffine;
Topic 4: headache, cooling;
Topic 16: iodine, argenine;"
475,"Topic 1: dopamine, kaffine;
Topic 4: headache, cooling;
Topic 15: estrogen, stretching;"
476,"Topic 1: dopamine, kaffine;
Topic 15: estrogen, stretching;
Topic 19: habit, psychodelics;"
477,"Topic 1: dopamine, kaffine;
Topic 4: headache, cooling;
Topic 19: habit, psychodelics;"
478,"Topic 1: dopamine, kaffine;
Topic 12: carbon, smell;
Topic 19: habit, psychodelics;"
479,"Topic 1: dopamine, kaffine;
Topic 12: carbon, smell;
Topic 19: habit, psychodelics;"
480,"Topic 1: dopamine, kaffine;
Topic 7: salt, salty;
Topic 19: habit, psychodelics;"
481,"Topic 1: dopamine, kaffine;
Topic 4: headache, cooling;
Topic 14: canabas, microbe;"
482,"Topic 1: dopamine, kaffine;
Topic 4: headache, cooling;
Topic 12: carbon, smell;"
483,"Topic 1: dopamine, kaffine;
Topic 19: habit, psychodelics;
Topic 12: carbon, smell;"
484,"Topic 18: gratitude, speech;
Topic 19: habit, psychodelics;
Topic 1: dopamine, kaffine;"
485,"Topic 4: headache, cooling;
Topic 1: dopamine, kaffine;
Topic 19: habit, psychodelics;"
486,"Topic 1: dopamine, kaffine;
Topic 7: salt, salty;
Topic 11: coling, error;"
487,"Topic 1: dopamine, kaffine;
Topic 15: estrogen, stretching;
Topic 19: habit, psychodelics;"
488,"Topic 1: dopamine, kaffine;
Topic 11: coling, error;
Topic 19: habit, psychodelics;"
489,"Topic 1: dopamine, kaffine;
Topic 12: carbon, smell;
Topic 19: habit, psychodelics;"
490,"Topic 19: habit, psychodelics;
Topic 1: dopamine, kaffine;
Topic 2: rem, visualization;"
491,"Topic 1: dopamine, kaffine;
Topic 19: habit, psychodelics;
Topic 15: estrogen, stretching;"
492,"Topic 20: intrusive, bond;
Topic 1: dopamine, kaffine;
Topic 19: habit, psychodelics;"
493,"Topic 1: dopamine, kaffine;
Topic 11: coling, error;
Topic 19: habit, psychodelics;"
494,"Topic 19: habit, psychodelics;
Topic 1: dopamine, kaffine;
Topic 12: carbon, smell;"
495,"Topic 19: habit, psychodelics;
Topic 1: dopamine, kaffine;
Topic 18: gratitude, speech;"
496,"Topic 18: gratitude, speech;
Topic 1: dopamine, kaffine;
Topic 19: habit, psychodelics;"
497,"Topic 1: dopamine, kaffine;
Topic 19: habit, psychodelics;
Topic 4: headache, cooling;"
498,"Topic 1: dopamine, kaffine;
Topic 4: headache, cooling;
Topic 19: habit, psychodelics;"
499,"Topic 1: dopamine, kaffine;
Topic 12: carbon, smell;
Topic 19: habit, psychodelics;"
500,"Topic 1: dopamine, kaffine;
Topic 19: habit, psychodelics;
Topic 2: rem, visualization;"
501,"Topic 1: dopamine, kaffine;
Topic 12: carbon, smell;
Topic 19: habit, psychodelics;"
502,"Topic 1: dopamine, kaffine;
Topic 7: salt, salty;
Topic 19: habit, psychodelics;"
503,"Topic 1: dopamine, kaffine;
Topic 4: headache, cooling;
Topic 19: habit, psychodelics;"
504,"Topic 1: dopamine, kaffine;
Topic 19: habit, psychodelics;
Topic 8: sperm, trough;"
505,"Topic 1: dopamine, kaffine;
Topic 19: habit, psychodelics;
Topic 12: carbon, smell;"
506,"Topic 1: dopamine, kaffine;
Topic 11: coling, error;
Topic 19: habit, psychodelics;"
507,"Topic 1: dopamine, kaffine;
Topic 19: habit, psychodelics;
Topic 11: coling, error;"
508,"Topic 1: dopamine, kaffine;
Topic 15: estrogen, stretching;
Topic 19: habit, psychodelics;"
509,"Topic 1: dopamine, kaffine;
Topic 19: habit, psychodelics;
Topic 2: rem, visualization;"
510,"Topic 1: dopamine, kaffine;
Topic 19: habit, psychodelics;
Topic 12: carbon, smell;"
511,"Topic 1: dopamine, kaffine;
Topic 19: habit, psychodelics;
Topic 11: coling, error;"
512,"Topic 1: dopamine, kaffine;
Topic 11: coling, error;
Topic 2: rem, visualization;"
513,"Topic 1: dopamine, kaffine;
Topic 12: carbon, smell;
Topic 4: headache, cooling;"
514,"Topic 1: dopamine, kaffine;
Topic 19: habit, psychodelics;
Topic 18: gratitude, speech;"
515,"Topic 1: dopamine, kaffine;
Topic 15: estrogen, stretching;
Topic 19: habit, psychodelics;"
516,"Topic 7: salt, salty;
Topic 1: dopamine, kaffine;
Topic 11: coling, error;"
517,"Topic 1: dopamine, kaffine;
Topic 19: habit, psychodelics;
Topic 11: coling, error;"
518,"Topic 1: dopamine, kaffine;
Topic 12: carbon, smell;
Topic 19: habit, psychodelics;"
519,"Topic 1: dopamine, kaffine;
Topic 10: lens, myopia;
Topic 11: coling, error;"
520,"Topic 1: dopamine, kaffine;
Topic 12: carbon, smell;
Topic 19: habit, psychodelics;"
521,"Topic 1: dopamine, kaffine;
Topic 12: carbon, smell;
Topic 15: estrogen, stretching;"
522,"Topic 1: dopamine, kaffine;
Topic 4: headache, cooling;
Topic 19: habit, psychodelics;"
523,"Topic 1: dopamine, kaffine;
Topic 19: habit, psychodelics;
Topic 11: coling, error;"
524,"Topic 1: dopamine, kaffine;
Topic 4: headache, cooling;
Topic 19: habit, psychodelics;"
525,"Topic 1: dopamine, kaffine;
Topic 19: habit, psychodelics;
Topic 15: estrogen, stretching;"
526,"Topic 1: dopamine, kaffine;
Topic 16: iodine, argenine;
Topic 15: estrogen, stretching;"
527,"Topic 1: dopamine, kaffine;
Topic 19: habit, psychodelics;
Topic 15: estrogen, stretching;"
528,"Topic 1: dopamine, kaffine;
Topic 15: estrogen, stretching;
Topic 12: carbon, smell;"
529,"Topic 15: estrogen, stretching;
Topic 19: habit, psychodelics;
Topic 1: dopamine, kaffine;"
530,"Topic 19: habit, psychodelics;
Topic 1: dopamine, kaffine;
Topic 18: gratitude, speech;"
531,"Topic 1: dopamine, kaffine;
Topic 19: habit, psychodelics;
Topic 11: coling, error;"
532,"Topic 1: dopamine, kaffine;
Topic 19: habit, psychodelics;
Topic 12: carbon, smell;"
533,"Topic 1: dopamine, kaffine;
Topic 12: carbon, smell;
Topic 19: habit, psychodelics;"
534,"Topic 1: dopamine, kaffine;
Topic 11: coling, error;
Topic 19: habit, psychodelics;"
535,"Topic 1: dopamine, kaffine;
Topic 19: habit, psychodelics;
Topic 4: headache, cooling;"
536,"Topic 1: dopamine, kaffine;
Topic 11: coling, error;
Topic 19: habit, psychodelics;"
537,"Topic 1: dopamine, kaffine;
Topic 11: coling, error;
Topic 19: habit, psychodelics;"
538,"Topic 1: dopamine, kaffine;
Topic 2: rem, visualization;
Topic 19: habit, psychodelics;"
539,"Topic 1: dopamine, kaffine;
Topic 4: headache, cooling;
Topic 15: estrogen, stretching;"
540,"Topic 1: dopamine, kaffine;
Topic 19: habit, psychodelics;
Topic 12: carbon, smell;"
541,"Topic 1: dopamine, kaffine;
Topic 4: headache, cooling;
Topic 11: coling, error;"
542,"Topic 1: dopamine, kaffine;
Topic 19: habit, psychodelics;
Topic 4: headache, cooling;"
543,"Topic 2: rem, visualization;
Topic 1: dopamine, kaffine;
Topic 3: aggression, aggressive;"
